{
  "Component-dbg.js": 1711021218596,
  "controller/App.controller.js": 1711021218608,
  "model/models.js": 1711021218604,
  "controller/View1.controller.js": 1711021218616,
  "manifest.json": 1711030005330,
  "Component.js": 1711021218596,
  "Component-preload.js": 1711030005631,
  "i18n/i18n.properties": 1711021232256,
  "controller/View1-dbg.controller.js": 1711021218616,
  "controller/App-dbg.controller.js": 1711021218608,
  "model/models-dbg.js": 1711021218604,
  "view/View1.view.xml": 1711021218612,
  "view/App.view.xml": 1711021218612,
  "css/style.css": 1711021218612,
  "index.html": 1711021218596
}